﻿{
  "identification": {
    "protocol": "vm",
    "physical": "tcp/ip",
    "devices": [
      {
        "brand": "Virtual",
        "model": "A",
        "firmware": [
          "KL980MSHDJS"
        ],
        "group": "01"
      }
    ],
    "version": "1.0.3",
    "description": "Archivo de descripción para driver virtual modelo A",
    "additional information": ""
  },
  "init_params": [
    {
      "name": "general_log_level",
      "desc": "Nivel de log general",
      "type": "bitmapped",
      "values": [
        {
          "position": 0,
          "description": "Informativo"
        },
        {
          "position": 1,
          "description": "Alerta"
        },
        {
          "position": 2,
          "description": "Error"
        },
        {
          "position": 3,
          "description": "Depuracion"
        }
      ],
      "default": 3
    },
    {
      "name": "jparser_log_level",
      "desc": "Nivel de log del parser json",
      "type": "bitmapped",
      "values": [
        {
          "position": 0,
          "description": "Informativo"
        },
        {
          "position": 1,
          "description": "Alerta"
        },
        {
          "position": 2,
          "description": "Error"
        },
        {
          "position": 3,
          "description": "Depuracion"
        }
      ],
      "default": 3
    },
    {
      "name": "work_folder",
      "desc": "Ruta a la carpeta de trabajo",
      "type": "folder",
      "access": 6,
      "default": "./"
    }
  ],
  "connection_params": [
    {
      "section_name": "physical",
      "section_params": [
        {
          "name": "remote_ip",
          "desc": "Direccion ip del dispositivo remoto",
          "type": "ipv4"
        },
        {
          "name": "remote_port",
          "desc": "Puerto TCP del dispositivo remoto",
          "type": "integer",
          "range_value": "interval",
          "min_value": 0,
          "max_value": 65535,
		  "default": 30001
        },
        {
          "name": "local_ip",
          "desc": "Direccion ip del dispositivo local",
          "type": "ipv4"
        },
        {
          "name": "local_port",
          "desc": "Puerto TCP del dispositivo local",
          "type": "integer",
          "range_value": "interval",
          "min_value": 0,
          "max_value": 65535,
		  "default": 0
        },
		 {
          "name": "log_level",
          "desc": "Nivel de log de la capa fisica",
          "type": "bitmapped",
          "values": [
            {
              "position": 0,
              "description": "Informativo"
            },
            {
              "position": 1,
              "description": "Alerta"
            },
            {
              "position": 2,
              "description": "Error"
            },
            {
              "position": 3,
              "description": "Depuracion"
            }
          ],
          "default": 3
        }
      ]
    },
    {
      "section_name": "link",
      "section_params": [
        {
          "name": "source_address",
          "desc": "Direccion local del nivel de enlace",
          "type": "integer",
          "range_value": "interval",
          "min_value": 0,
          "max_value": 255,
          "default": 1
        },
        {
          "name": "destination_address",
          "desc": "Direccion remota del nivel de enlace",
          "type": "integer",
          "range_value": "interval",
          "min_value": 0,
          "max_value": 255,
          "default": 2
        },
        {
          "name": "pdu_size",
          "desc": "Tamaño maximo del protocol data unit a intercambiar",
          "type": "integer",
          "range_value": "list",
          "list_value": [
            256,
            512,
            1024
          ],
          "unit": "bytes",
          "default": 1024
        },
        {
          "name": "connection_timeout",
          "desc": "Tiempo maximo de espera por el establecimiento de una conexion expresado en milisegundos",
          "type": "integer",
          "range_value": "interval",
          "min_value": 100,
          "max_value": 10000,
          "unit": "ms",
          "default": 5000
        },
        {
          "name": "retries",
          "desc": "Cantidad de reintentos antes de dar por finalizada con error una transaccion",
          "type": "integer",
          "range_value": "interval",
          "min_value": 1,
          "max_value": 10,
          "default": 5
        },
        {
          "name": "retry_time",
          "desc": "Tiempo entre reintentos expresado en decimas de segundo",
          "type": "integer",
          "range_value": "interval",
          "min_value": 10,
          "max_value": 500,
          "unit": "0.1 s",
          "default": 100
        },
        {
          "name": "log_level",
          "desc": "Nivel de log de la capa de enlace bitmapped",
          "type": "bitmapped",
          "values": [
            {
              "position": 0,
              "description": "Informativo"
            },
            {
              "position": 1,
              "description": "Alerta"
            },
            {
              "position": 2,
              "description": "Error"
            },
            {
              "position": 3,
              "description": "Depuracion"
            }
          ],
          "default": 3
        }
      ]
    },
    {
      "section_name": "application",
      "section_params": [
        {
          "name": "password",
          "desc": "Contraseña para establecer sesion con el dispositivo remoto",
          "type": "visible_string",
          "format": "ASCII",
          "min_length": 0,
	   	  "max_length": 8,
		  "default":"pwdv0001"		
        },
        {
          "name": "serial_number",
          "desc": "Numero de serie del dispositivo remoto",
          "type": "visible_string",
          "format": "ASCII",
          "min_length": 1,
          "max_length": 32,
		  "default":"sn-vmeter-v0001"
        },
        {
          "name": "log_level",
          "desc": "Nivel de log de la capa de aplicacion bitmapped",
          "type": "bitmapped",
          "values": [
            {
              "position": 0,
              "description": "Informativo"
            },
            {
              "position": 1,
              "description": "Alerta"
            },
            {
              "position": 2,
              "description": "Error"
            },
            {
              "position": 3,
              "description": "Depuracion"
            }
          ],
          "default": 3
        }
      ]
    },
    {
      "section_name": "user",
      "section_params": [
        {
          "name": "meter_id",
          "desc": "Identificacion del medidor",
          "type": "visible_string",
          "format": "ASCII",
          "min_length": 1,
          "max_length": 32,
		  "default":"v0001"
        },
        {
          "name": "time_zone",
          "desc": "Time zone del lugar geografico donde se encuentra el dispositivo",
          "type": "integer",
          "range_value": "interval",
          "min_value": -12,
          "max_value": 12,
          "unit": "hours",
		  "default": -3
        },
        {
          "name": "log_level",
          "desc": "Nivel de log de la capa de usuario",
          "type": "bitmapped",
          "values": [
            {
              "position": 0,
              "description": "Informativo"
            },
            {
              "position": 1,
              "description": "Alerta"
            },
            {
              "position": 2,
              "description": "Error"
            },
            {
              "position": 3,
              "description": "Depuracion"
            }
          ],
          "default": 3
        }
      ]
    }
  ],
  "additional_data": [
    {
      "name": "firmware",
      "type": "visible_string",
      "format": "ASCII",
      "desc": "Informacion del firmware del dispositivo"
    },
    {
      "name": "ct",
      "type": "visible_string",
      "format": "ASCII",
      "desc": "Relacion de transformacion de corriente"
    },
    {
      "name": "vt",
      "type": "visible_string",
      "format": "ASCII",
      "desc": "Relacion de transformacion de tension"
    },
    {
      "name": "device_time",
      "desc": "Horal local dispositivo",
      "type": "datetime_1"
    },
    {
      "name": "device_dst",
      "desc": "Day saving time actual del dispositivo",
      "type": "integer",
      "unit": "s"
    },
    {
      "name": "device_tz",
      "desc": "Time zone actual del dispositivo",
      "type": "integer",
      "unit": "h"
    },
    {
      "name": "server_time",
      "desc": "Horal local servidor",
      "type": "datetime_1"
    },
    {
      "name": "server_dst",
      "desc": "Day saving time actual del servidor",
      "type": "datetime_1",
      "unit": "s"
    },
    {
      "name": "server_tz",
      "desc": "Time zone actual del servidor",
      "type": "integer",
      "unit": "h"
    }
  ],
  "commands": [
    {
      "category": "INR",
      "name": "read_registers",
      "description": "Lectura de registros instantaneos",
      "inputs": [],
      "outputs": [
        {
          "name": "meter_id",
          "desc": "Identificacion del medidor",
          "type": "visible_string",
          "format": "ASCII",
          "qualifiers": [
            "IS_METER_ID"
          ]
        },
        {
          "name": "meter_datetime",
          "desc": "Timestamp asociado al registro segun la hora del medidor",
          "type": "datetime_1",
          "qualifiers": [
            "IS_TIMESTAMP"
          ]
        },
        {
          "name": "magnitude",
          "desc": "Magnitud informada",
          "type": "visible_string",
          "format": "ASCII"
        },
        {
          "name": "value",
          "desc": "Valor de la magnitud informada",
          "type": "float"
        },
        {
          "name": "unit",
          "desc": "Unidad de la magnitud informada",
          "type": "visible_string",
          "format": "ASCII"
        },
        {
          "name": "scale",
          "desc": "Escala",
          "type": "float"
        },
        {
          "name": "quality",
          "desc": "Calidad de la lectura",
          "type": "integer"
        },
        {
          "name": "obis",
          "desc": "OBIS de la magnitud",
          "type": "visible_string",
          "format": "ASCII"
        }
      ]
    },
    {
      "category": "PRO",
      "name": "read_profile",
      "description": "Lectura de perfil por intervalo de tiempo",
      "inputs": [
        {
          "name": "ti",
          "desc": "Fecha de inicio del intervalo a recuperar",
          "type": "datetime_1"
        },
        {
          "name": "tf",
          "desc": "Fecha de fin del intervalo a recuperar",
          "type": "datetime_1"
        }
      ],
      "outputs": [
        {
          "name": "meter_id",
          "desc": "Identificacion del medidor",
          "type": "visible_string",
          "format": "ASCII",
          "qualifiers": [
            "IS_METER_ID"
          ]
        },
        {
          "name": "meter_ti",
          "desc": "Timestamp asociado al inicio del intervalo segun la hora del medidor",
          "type": "datetime_1",
          "qualifiers": [
            "IS_TIMESTAMP"
          ]
        },
        {
          "name": "meter_tf",
          "desc": "Timestamp asociado al fin del intervalo segun la hora del medidor",
          "type": "datetime_1"
        },
        {
          "name": "magnitude",
          "desc": "Magnitud informada",
          "type": "visible_string",
          "format": "ASCII"
        },
        {
          "name": "value",
          "desc": "Valor de la magnitud informada",
          "type": "float"
        },
        {
          "name": "unit",
          "desc": "Unidad de la magnitud informada",
          "type": "visible_string",
          "format": "ASCII"
        },
        {
          "name": "scale",
          "desc": "Escala",
          "type": "float"
        },
        {
          "name": "nprof",
          "desc": "Indentificador de perfil",
          "type": "integer"
        },
        {
          "name": "channel",
          "desc": "Numero de canal del medidor",
          "type": "integer"
        },
        {
          "name": "quality",
          "desc": "Calidad de la lectura",
          "type": "integer"
        },
        {
          "name": "obis",
          "desc": "OBIS de la magnitud",
          "type": "visible_string",
          "format": "ASCII"
        },
        {
          "name": "period",
          "desc": "Periodo de integracion",
          "type": "integer",
          "unit": "s"
        }
      ]
    },
    {
      "category": "EVE",
      "name": "read_events",
      "description": "Lectura de eventos por intervalo de tiempo",
      "inputs": [
        {
          "name": "ti",
          "desc": "Fecha de inicio del intervalo del cual se desea recupera los eventos",
          "type": "datetime_1"
        },
        {
          "name": "tf",
          "desc": "Fecha de fin del intervalo del cual se desea recupera los eventos",
          "type": "datetime_1"
        }
      ],
      "outputs": [
        {
          "name": "meter_id",
          "desc": "Identificacion del medidor",
          "type": "visible_string",
          "format": "ASCII",
          "qualifiers": [
            "IS_METER_ID"
          ]
        },
        {
          "name": "meter_datetime",
          "desc": "Timestamp asociado a la fecha de ocurrencia del evento segun la hora del medidor",
          "type": "datetime_2",
          "qualifiers": [
            "IS_TIME_STAMP"
          ]
        },
        {
          "name": "event",
          "desc": "Descripcion del evento ocurrido",
          "type": "visible_string",
          "format": "ASCII"
        },
        {
          "name": "data",
          "desc": "Informacion adicional entregada por el medidor asociada el evento",
          "type": "visible_string",
          "format": "ASCII"
        },
        {
          "name": "event_code",
          "desc": "Codigo del evento",
          "type": "integer"
        }
      ]
    }
  ],
  "events": [
    {
      "event_call": [
        {
          "name": "timestamp",
          "desc": "Tiempo en cual ocurrio el evento",
          "type": "datetime"
        },
        {
          "name": "meter_id",
          "desc": "Identificacion del medidor",
          "type": "visible_string",
          "format": "ASCII",
          "qualifiers": [
            "IS_METER_ID"
          ]
        },
        {
          "name": "stage_id",
          "desc": "Etapa en el que se encuentra la tarea",
          "type": "visible_string",
          "format": "ASCII"
        },
        {
          "name": "stage_status",
          "desc": "Estado de la etapa",
          "type": "visible_string",
          "format": "ASCII"
        }
      ]
    }
  ]
}
